<?xml version="1.0" encoding="iso-8859-1"?>
<ProjectInformationDialog>
  <Extension>ExtensionName</Extension>
  <Version>1.0.0</Version>
  <Tab>
    <Label>
      <Key>orderInformation</Key>
    </Label>
    <Field>
      <Label>
	<Key>projectTitle</Key>
      </Label>
      <Type>FormattedTextField</Type>
      <Key>orderEntry.projectName</Key>
      <Length>21</Length>
    </Field>
    <Field>
      <Label>
	<Key>documentNumber</Key>
      </Label>
      <Type>FormattedTextField</Type>
      <Key>orderEntry.docNum</Key>
      <Length>20</Length>
    </Field>
    <Field>
      <Label>
	<Key>quoteNotes</Key>
      </Label>
      <Type>FormattedTextField</Type>
      <Key>orderEntry.quoteNotes</Key>
      <Length>20</Length>
    </Field>
    <Field>
      <Label>
	<Key>repGroup</Key>
      </Label>
      <Type>FormattedTextField</Type>
      <Key>orderEntry.repGroup</Key>
      <Length>20</Length>
    </Field>
    <Field>
      <Label>
	<Key>dealerPurchaseOrderNumber</Key>
      </Label>
      <Type>FormattedTextField</Type>
      <Key>orderEntry.dealerPONumber.numstr</Key>
      <Length>20</Length>
    </Field>
    <Field>
      <Label>
	<Key>customerPurchaseOrderNumber</Key>
      </Label>
      <Type>FormattedTextField</Type>
      <Key>orderEntry.customerPONumber.numstr</Key>
      <Length>20</Length>
    </Field>
    <Field>
      <Label>
	<Key>contractNumber</Key>
      </Label>
      <Type>FormattedTextField</Type>
      <Key>orderEntry.contractNumber</Key>
      <Length>20</Length>
    </Field>
    <Field>
      <Label>
	<Key>orderType</Key>
      </Label>
      <Type>FormattedTextField</Type>
      <Key>orderEntry.orderType</Key>
      <Length>20</Length>
    </Field>
    <Field>
      <Label>
	<Key>requestedShipDate</Key>
      </Label>
      <Type>DateField</Type>
      <Key>orderEntry.requestedShipDate</Key>
    </Field>
    <Field>
      <Label>
	<Key>requestedInstallDate</Key>
      </Label>
      <Type>DateField</Type>
      <Key>orderEntry.requestedInstallDate</Key>
    </Field>
    <Field>
      <Label>
	<Key>authorizedBy</Key>
      </Label>
      <Type>FormattedTextField</Type>
      <Key>orderEntry.authorizedBy</Key>
      <Length>20</Length>
    </Field>
  </Tab>
  <Tab>
    <Label>
      <Key>distributor</Key>
    </Label>
    <Field>
      <Label>
	<Key>code</Key>
      </Label>
      <Type>FormattedTextField</Type>
      <Key>distributor.code</Key>
      <Length>5</Length>
    </Field>
    <Field>
      <Label>
	<Key>companyName</Key>
      </Label>
      <Type>FormattedTextField</Type>
      <Key>distributor.companyName</Key>
    </Field>
    <Field>
      <Label>
	<Key>addressLine1</Key>
      </Label>
      <Type>FormattedTextField</Type>
      <Key>distributor.address.line1</Key>
    </Field>
    <Field>
      <Label>
	<Key>addressLine2</Key>
      </Label>
      <Type>FormattedTextField</Type>
      <Key>distributor.address.line2</Key>
    </Field>
    <Field>
      <Label>
	<Key>addressLine3</Key>
      </Label>
      <Type>FormattedTextField</Type>
      <Key>distributor.address.line3</Key>
    </Field>
    <Field>
      <Label>
	<Key>city</Key>
      </Label>
      <Type>FormattedTextField</Type>
      <Key>distributor.address.city</Key>
      <Length>17</Length>
    </Field>
    <Field>
      <Label>
	<Key>state</Key>
      </Label>
      <Type>FormattedTextField</Type>
      <Key>distributor.address.state</Key>
      <Length>3</Length>
    </Field>
    <Field>
      <Label>
	<Key>zip</Key>
      </Label>
      <Type>FormattedTextField</Type>
      <Key>distributor.address.zip</Key>
      <Length>9</Length>
    </Field>
    <Field>
      <Label>
	<Key>country</Key>
      </Label>
      <Type>FormattedTextField</Type>
      <Key>distributor.address.country</Key>
      <Length>3</Length>
    </Field>
    <Field>
      <Label>
	<Key>contactName</Key>
      </Label>
      <Type>FormattedTextField</Type>
      <Key>distributor.name.firstAndLastName</Key>
    </Field>
    <Field>
      <Label>
	<Key>phoneNumber</Key>
      </Label>
      <Type>FormattedTextField</Type>
      <Key>distributor.phone.business</Key>
      <Length>15</Length>
    </Field>
    <Field>
      <Label>
	<Key>faxNumber</Key>
      </Label>
      <Type>FormattedTextField</Type>
      <Key>distributor.phone.fax</Key>
      <Length>15</Length>
    </Field>
  </Tab>
  <Tab>
    <Label>
      <Key>soldTo</Key>
    </Label>
    <Field>
      <Label>
	<Key>code</Key>
      </Label>
      <Type>FormattedTextField</Type>
      <Key>soldTo.code</Key>
      <Length>5</Length>
    </Field>
    <Field>
      <Label>
	<Key>firstName</Key>
      </Label>
      <Type>FormattedTextField</Type>
      <Key>soldTo.firstName</Key>
      <Length>15</Length>
    </Field>
    <Field>
      <Label>
	<Key>lastName</Key>
      </Label>
      <Type>FormattedTextField</Type>
      <Key>soldTo.lastName</Key>
      <Length>15</Length>
    </Field>
    <Field>
      <Label>
	<Key>companyName</Key>
      </Label>
      <Type>FormattedTextField</Type>
      <Key>soldTo.companyName</Key>
    </Field>
    <Field>
      <Label>
	<Key>addressLine1</Key>
      </Label>
      <Type>FormattedTextField</Type>
      <Key>soldTo.address.line1</Key>
    </Field>
    <Field>
      <Label>
	<Key>addressLine2</Key>
      </Label>
      <Type>FormattedTextField</Type>
      <Key>soldTo.address.line2</Key>
    </Field>
    <Field>
      <Label>
	<Key>addressLine3</Key>
      </Label>
      <Type>FormattedTextField</Type>
      <Key>soldTo.address.line3</Key>
    </Field>
    <Field>
      <Label>
	<Key>city</Key>
      </Label>
      <Type>FormattedTextField</Type>
      <Key>soldTo.address.city</Key>
      <Length>17</Length>
    </Field>
    <Field>
      <Label>
	<Key>state</Key>
      </Label>
      <Type>FormattedTextField</Type>
      <Key>soldTo.address.state</Key>
      <Length>3</Length>
    </Field>
    <Field>
      <Label>
	<Key>zip</Key>
      </Label>
      <Type>FormattedTextField</Type>
      <Key>soldTo.address.zip</Key>
      <Length>9</Length>
    </Field>
    <Field>
      <Label>
	<Key>country</Key>
      </Label>
      <Type>FormattedTextField</Type>
      <Key>soldTo.address.country</Key>
      <Length>3</Length>
    </Field>
    <Field>
      <Label>
	<Key>contactName</Key>
      </Label>
      <Type>FormattedTextField</Type>
      <Key>soldTo.name.firstAndLastName</Key>
    </Field>
    <Field>
      <Label>
	<Key>phoneNumber</Key>
      </Label>
      <Type>FormattedTextField</Type>
      <Key>soldTo.phone.business</Key>
      <Length>15</Length>
    </Field>
    <Field>
      <Label>
	<Key>faxNumber</Key>
      </Label>
      <Type>FormattedTextField</Type>
      <Key>soldTo.phone.fax</Key>
      <Length>15</Length>
    </Field>
    <Field>
      <Label>
	<Key>email</Key>
      </Label>
      <Type>FormattedTextField</Type>
      <Key>soldTo.email</Key>
    </Field>
  </Tab>
  <Tab>
    <Label>
      <Key>shipTo</Key>
    </Label>
    <Field>
      <Label>
	<Key>code</Key>
      </Label>
      <Type>FormattedTextField</Type>
      <Key>shipTo.code</Key>
      <Length>5</Length>
    </Field>
    <Field>
      <Label>
	<Key>firstName</Key>
      </Label>
      <Type>FormattedTextField</Type>
      <Key>shipTo.firstName</Key>
      <Length>15</Length>
    </Field>
    <Field>
      <Label>
	<Key>lastName</Key>
      </Label>
      <Type>FormattedTextField</Type>
      <Key>shipTo.lastName</Key>
      <Length>15</Length>
    </Field>
    <Field>
      <Label>
	<Key>companyName</Key>
      </Label>
      <Type>FormattedTextField</Type>
      <Key>shipTo.companyName</Key>
    </Field>
    <Field>
      <Label>
	<Key>addressLine1</Key>
      </Label>
      <Type>FormattedTextField</Type>
      <Key>shipTo.address.line1</Key>
    </Field>
    <Field>
      <Label>
	<Key>addressLine2</Key>
      </Label>
      <Type>FormattedTextField</Type>
      <Key>shipTo.address.line2</Key>
    </Field>
    <Field>
      <Label>
	<Key>addressLine3</Key>
      </Label>
      <Type>FormattedTextField</Type>
      <Key>shipTo.address.line3</Key>
    </Field>
    <Field>
      <Label>
	<Key>city</Key>
      </Label>
      <Type>FormattedTextField</Type>
      <Key>shipTo.address.city</Key>
      <Length>17</Length>
    </Field>
    <Field>
      <Label>
	<Key>state</Key>
      </Label>
      <Type>FormattedTextField</Type>
      <Key>shipTo.address.state</Key>
      <Length>3</Length>
    </Field>
    <Field>
      <Label>
	<Key>zip</Key>
      </Label>
      <Type>FormattedTextField</Type>
      <Key>shipTo.address.zip</Key>
      <Length>9</Length>
    </Field>
    <Field>
      <Label>
	<Key>country</Key>
      </Label>
      <Type>FormattedTextField</Type>
      <Key>shipTo.address.country</Key>
      <Length>3</Length>
    </Field>
    <Field>
      <Label>
	<Key>contactName</Key>
      </Label>
      <Type>FormattedTextField</Type>
      <Key>shipTo.name.firstAndLastName</Key>
    </Field>
    <Field>
      <Label>
	<Key>phoneNumber</Key>
      </Label>
      <Type>FormattedTextField</Type>
      <Key>shipTo.phone.business</Key>
      <Length>15</Length>
    </Field>
    <Field>
      <Label>
	<Key>faxNumber</Key>
      </Label>
      <Type>FormattedTextField</Type>
      <Key>shipTo.phone.fax</Key>
      <Length>15</Length>
    </Field>
    <Field>
      <Label>
	<Key>email</Key>
      </Label>
      <Type>FormattedTextField</Type>
      <Key>shipTo.email</Key>
    </Field>
  </Tab>
  <Tab>
    <Label>
      <Key>servicesSales</Key>
    </Label>
    <Field>
      <Label>
	<Key>servicingDealer1Name</Key>
      </Label>
      <Type>FormattedTextField</Type>
      <Key>servDealer0.name</Key>
    </Field>
    <Field>
      <Label>
	<Key>servicingDealer1Number</Key>
      </Label>
      <Type>FormattedTextField</Type>
      <Key>servDealer0.number</Key>
      <Length>5</Length>
    </Field>
    <Field>
      <Label>
	<Key>servicingDealer2Name</Key>
      </Label>
      <Type>FormattedTextField</Type>
      <Key>servDealer1.name</Key>
    </Field>
    <Field>
      <Label>
	<Key>servicingDealer2Number</Key>
      </Label>
      <Type>FormattedTextField</Type>
      <Key>servDealer1.number</Key>
      <Length>5</Length>
    </Field>
    <Field>
      <Label>
	<Key>servicingDealer3Name</Key>
      </Label>
      <Type>FormattedTextField</Type>
      <Key>servDealer2.name</Key>
    </Field>
    <Field>
      <Label>
	<Key>servicingDealer3Number</Key>
      </Label>
      <Type>FormattedTextField</Type>
      <Key>servDealer2.number</Key>
      <Length>5</Length>
    </Field>
    <Field>
      <Label>
	<Key>salesPerson1Name</Key>
      </Label>
      <Type>FormattedTextField</Type>
      <Key>salesPerson0.name</Key>
    </Field>
    <Field>
      <Label>
	<Key>salesPerson1Number</Key>
      </Label>
      <Type>FormattedTextField</Type>
      <Key>salesPerson0.number</Key>
      <Length>5</Length>
    </Field>
    <Field>
      <Label>
	<Key>salesPerson2Name</Key>
      </Label>
      <Type>FormattedTextField</Type>
      <Key>salesPerson1.name</Key>
    </Field>
    <Field>
      <Label>
	<Key>salesPerson2Number</Key>
      </Label>
      <Type>FormattedTextField</Type>
      <Key>salesPerson1.number</Key>
      <Length>5</Length>
    </Field>
    <Field>
      <Label>
	<Key>salesPerson3Name</Key>
      </Label>
      <Type>FormattedTextField</Type>
      <Key>salesPerson2.name</Key>
    </Field>
    <Field>
      <Label>
	<Key>salesPerson3Number</Key>
      </Label>
      <Type>FormattedTextField</Type>
      <Key>salesPerson2.number</Key>
      <Length>5</Length>
    </Field>
  </Tab>
  <Tab>
    <Label>
      <Key>orderNotes</Key>
    </Label>
    <Field>
      <Label>
	<Key>note</Key>
      </Label>
      <Type>FormattedTextFieldArray</Type>
      <Key>topNotes</Key>
      <Quantity>10</Quantity>
    </Field>
    <Field>
      <Label>
	<Key>shippingNote</Key>
      </Label>
      <Type>FormattedTextFieldArray</Type>
      <Key>shipNotes</Key>
      <Quantity>2</Quantity>
    </Field>
  </Tab>
</ProjectInformationDialog>
